"ISOPAIS","NOMPAIS","AREECONOMICA","IDAREAFORELAND","NOMAREAFORELAND","IDSUBAREAFORELAND","NOMSUBAREAFORELAND"
"AD","Andorra","","9","Área sin determinar","9","Subárea sin determinar"
"AE","Emiratos Árabes Unidos","","4","Asia","1","Golfo Pérsico/Mar Arábigo"
"AF","Afganistán","","4","Asia","2","Subcontinente India"
"AG","Antigua y Barbuda","","5","América","2","América Central/Caribe"
"AI","Anguilla","","5","América","2","América Central/Caribe"
"AL","Albania","","2","Mediterráneo Oriental","1","Med. Nor-oriental"
"AM","Armenia","","2","Mediterráneo Oriental","3","Mar Negro/Mar Caspio"
"AN","Antillas Neerlandesas","","5","América","2","América Central/Caribe"
"AO","Angola","","3","África","2","África Occidental"
"AQ","Antártica","","9","Área sin determinar","9","Subárea sin determinar"
"AR","Argentina","","5","América","3","América del Sur"
"AS","Samoa Americana","","6","Oceanía","1","Oceanía"
"AT","Austria","UE","1","Europa Occidental","3","Centroeuropa"
"AU","Australia","","6","Oceanía","1","Oceanía"
"AW","Aruba","","5","América","2","América Central/Caribe"
"AX","Islas Aland","UE","9","Área sin determinar","9","Subárea sin determinar"
"AZ","Azerbaiyán","","2","Mediterráneo Oriental","3","Mar Negro/Mar Caspio"
"BA","Bosnia y Herzegovina","","2","Mediterráneo Oriental","1","Med. Nor-oriental"
"BB","Barbados","","5","América","2","América Central/Caribe"
"BD","Bangladesh","","4","Asia","2","Subcontinente India"
"BE","Bélgica","UE","1","Europa Occidental","1","Europa Atlántica"
"BF","Burkina Faso","","3","África","2","África Occidental"
"BG","Bulgaria","UE","2","Mediterráneo Oriental","3","Mar Negro/Mar Caspio"
"BH","Bahrein","","4","Asia","1","Golfo Pérsico/Mar Arábigo"
"BI","Burundi","","3","África","3","África Sur y Oriental"
"BJ","Benin","","3","África","2","África Occidental"
"BL","San Bartolomé","","5","América","1","América del Norte/México"
"BM","Bermuda","","5","América","2","América Central/Caribe"
"BN","Brunei Darussalam","","4","Asia","4","Sudeste asiático"
"BO","Bolivia","","5","América","3","América del Sur"
"BQ","Bonaire","","5","América","2","América Central/Caribe"
"BR","Brasil","","5","América","3","América del Sur"
"BS","Bahamas","","5","América","2","América Central/Caribe"
"BT","Bután","","9","Área sin determinar","9","Subárea sin determinar"
"BV","Isla Bouvet","","9","Área sin determinar","9","Subárea sin determinar"
"BW","Botswana","","3","África","3","África Sur y Oriental"
"BY","Bielorrusia","","1","Europa Occidental","2","Europa Escandin. /Báltica"
"BZ","Belice","","5","América","2","América Central/Caribe"
"CA","Canadá","","5","América","1","América del Norte/México"
"CC","Islas Cocos","","9","Área sin determinar","9","Subárea sin determinar"
"CD","Congo Kinshasa","","3","África","2","África Occidental"
"CF","Republica Centroafricana","","3","África","2","África Occidental"
"CG","Congo Brazzaville","","3","África","2","África Occidental"
"CH","Suiza","EF","1","Europa Occidental","3","Centroeuropa"
"CI","Costa de Marfil","","3","África","2","África Occidental"
"CK","Islas Cook","","9","Área sin determinar","9","Subárea sin determinar"
"CL","Chile","","5","América","3","América del Sur"
"CM","Camerún","","3","África","2","África Occidental"
"CN","China","","4","Asia","3","Extremo Oriente"
"CO","Colombia","","5","América","2","América Central/Caribe"
"CR","Costa Rica","","5","América","2","América Central/Caribe"
"CU","Cuba","","5","América","2","América Central/Caribe"
"CV","Cabo Verde","","3","África","2","África Occidental"
"CW","Curasao","","5","América","2","América Central/Caribe"
"CX","Isla de Navidad","","9","Área sin determinar","9","Subárea sin determinar"
"CY","Chipre","UE","2","Mediterráneo Oriental","2","Med. Sur-oriental"
"CZ","República Checa","UE","1","Europa Occidental","3","Centroeuropa"
"DE","Alemania","UE","1","Europa Occidental","1","Europa Atlántica"
"DJ","Djibouti","","3","África","3","África Sur y Oriental"
"DK","Dinamarca","UE","1","Europa Occidental","2","Europa Escandin. /Báltica"
"DM","Dominica","","5","América","2","América Central/Caribe"
"DO","República Dominicana","","5","América","2","América Central/Caribe"
"DZ","Argelia","","3","África","1","África del Norte"
"EC","Ecuador","","5","América","3","América del Sur"
"EE","Estonia","UE","1","Europa Occidental","2","Europa Escandin. /Báltica"
"EG","Egipto","","3","África","1","África del Norte"
"EH","Sáhara Occcidental","","9","Área sin determinar","9","Subárea sin determinar"
"ER","Eritrea","","3","África","3","África Sur y Oriental"
"ES","España","UE","1","Europa Occidental","4","Europa del Suroeste"
"ET","Etiopía","","3","África","3","África Sur y Oriental"
"FI","Finlandia","UE","1","Europa Occidental","2","Europa Escandin. /Báltica"
"FJ","Fiyi","","6","Oceanía","1","Oceanía"
"FK","Islas Malvinas","","9","Área sin determinar","9","Subárea sin determinar"
"FM","Micronesia","","9","Área sin determinar","9","Subárea sin determinar"
"FO","Islas Feroe","","9","Área sin determinar","9","Subárea sin determinar"
"FR","Francia","UE","1","Europa Occidental","4","Europa del Suroeste"
"GA","Gabón","","3","África","2","África Occidental"
"GB","Reino Unido","","1","Europa Occidental","1","Europa Atlántica"
"GD","Granada","","5","América","2","América Central/Caribe"
"GE","Georgia","","2","Mediterráneo Oriental","3","Mar Negro/Mar Caspio"
"GF","Guayana Francesa","","5","América","3","América del Sur"
"GG","Guernsey","","1","Europa Occidental","1","Europa Atlántica"
"GH","Ghana","","3","África","2","África Occidental"
"GI","Gibraltar","","1","Europa Occidental","4","Europa del Suroeste"
"GL","Groenlandia","","9","Área sin determinar","9","Subárea sin determinar"
"GM","Gambia","","3","África","2","África Occidental"
"GN","Guinea","","3","África","2","África Occidental"
"GP","Guadalupe","","5","América","2","América Central/Caribe"
"GQ","Guinea Ecuatorial","","3","África","2","África Occidental"
"GR","Grecia","UE","2","Mediterráneo Oriental","1","Med. Nor-oriental"
"GS","Islas Georgias del Sur y Sandwich del Sur","","9","Área sin determinar","9","Subárea sin determinar"
"GT","Guatemala","","5","América","2","América Central/Caribe"
"GU","Guam","","6","Oceanía","1","Oceanía"
"GW","Guinea Bissau","","3","África","2","África Occidental"
"GY","Guyana","","5","América","3","América del Sur"
"HK","Hong Kong","","4","Asia","3","Extremo Oriente"
"HM","Isla Heard e Islas McDonald","","9","Área sin determinar","9","Subárea sin determinar"
"HN","Honduras","","5","América","2","América Central/Caribe"
"HR","Croacia","UE","2","Mediterráneo Oriental","1","Med. Nor-oriental"
"HT","Haití","","5","América","2","América Central/Caribe"
"HU","Hungría","UE","1","Europa Occidental","3","Centroeuropa"
"ID","Indonesia","","4","Asia","4","Sudeste asiático"
"IE","Irlanda","UE","1","Europa Occidental","1","Europa Atlántica"
"IL","Israel","","2","Mediterráneo Oriental","2","Med. Sur-oriental"
"IM","Isla de Man","","1","Europa Occidental","1","Europa Atlántica"
"IN","India","","4","Asia","2","Subcontinente India"
"IO","Territorio Británico del Océano Índico","","9","Área sin determinar","9","Subárea sin determinar"
"IQ","Iraq","","4","Asia","1","Golfo Pérsico/Mar Arábigo"
"IR","Irán","","4","Asia","1","Golfo Pérsico/Mar Arábigo"
"IS","Islandia","EF","1","Europa Occidental","2","Europa Escandin. /Báltica"
"IT","Italia","UE","1","Europa Occidental","4","Europa del Suroeste"
"JE","Jersey","","1","Europa Occidental","1","Europa Atlántica"
"JM","Jamaica","","5","América","2","América Central/Caribe"
"JO","Jordania","","2","Mediterráneo Oriental","2","Med. Sur-oriental"
"JP","Japón","","4","Asia","3","Extremo Oriente"
"KE","Kenia","","3","África","3","África Sur y Oriental"
"KG","Kirguizistán","","4","Asia","2","Subcontinente India"
"KH","Camboya","","4","Asia","4","Sudeste asiático"
"KI","Kiribati","","9","Área sin determinar","9","Subárea sin determinar"
"KM","Comoras","","3","África","3","África Sur y Oriental"
"KN","San Cristobal y Nieves","","5","América","2","América Central/Caribe"
"KP","Corea del Norte","","4","Asia","3","Extremo Oriente"
"KR","Corea del Sur","","4","Asia","3","Extremo Oriente"
"KW","Kuwait","","4","Asia","1","Golfo Pérsico/Mar Arábigo"
"KY","Islas Caimán","","5","América","2","América Central/Caribe"
"KZ","Kazajstán","","2","Mediterráneo Oriental","3","Mar Negro/Mar Caspio"
"LA","Laos","","4","Asia","4","Sudeste asiático"
"LB","Líbano","","2","Mediterráneo Oriental","2","Med. Sur-oriental"
"LC","Santa Lucía","","5","América","2","América Central/Caribe"
"LI","Liechtenstein","","9","Área sin determinar","9","Subárea sin determinar"
"LK","Sri Lanka","","4","Asia","2","Subcontinente India"
"LR","Liberia","","3","África","2","África Occidental"
"LS","Lesotho","","3","África","3","África Sur y Oriental"
"LT","Lituania","UE","1","Europa Occidental","2","Europa Escandin. /Báltica"
"LU","Luxemburgo","UE","1","Europa Occidental","1","Europa Atlántica"
"LV","Letonia","UE","1","Europa Occidental","2","Europa Escandin. /Báltica"
"LY","Libia","","3","África","1","África del Norte"
"MA","Marruecos","","3","África","1","África del Norte"
"MC","Mónaco","","1","Europa Occidental","4","Europa del Suroeste"
"MD","Moldavia","","2","Mediterráneo Oriental","3","Mar Negro/Mar Caspio"
"ME","Montenegro","","2","Mediterráneo Oriental","1","Med. Nor-oriental"
"MF","Isla de San Martín","","5","América","2","América Central/Caribe"
"MG","Madagascar","","3","África","3","África Sur y Oriental"
"MH","Islas Marshall","","6","Oceanía","1","Oceanía"
"MK","República de Macedonia","","2","Mediterráneo Oriental","1","Med. Nor-oriental"
"ML","Mali","","3","África","2","África Occidental"
"MM","Myanmar","","4","Asia","4","Sudeste asiático"
"MN","Mongolia","","4","Asia","3","Extremo Oriente"
"MO","Macao","","4","Asia","3","Extremo Oriente"
"MP","Islas Marianas del Norte","","9","Área sin determinar","9","Subárea sin determinar"
"MQ","Martinica","","5","América","2","América Central/Caribe"
"MR","Mauritania","","3","África","2","África Occidental"
"MS","Montserrat","","9","Área sin determinar","9","Subárea sin determinar"
"MT","Malta","UE","1","Europa Occidental","4","Europa del Suroeste"
"MU","Mauricio","","3","África","3","África Sur y Oriental"
"MV","Maldivas","","4","Asia","2","Subcontinente India"
"MW","Malawi","","3","África","3","África Sur y Oriental"
"MX","México","","5","América","1","América del Norte/México"
"MY","Malasia","","4","Asia","4","Sudeste asiático"
"MZ","Mozambique","","3","África","3","África Sur y Oriental"
"NA","Namibia","","3","África","2","África Occidental"
"NC","Nueva Caledonia","","6","Oceanía","1","Oceanía"
"NE","Niger","","3","África","2","África Occidental"
"NF","Isla Norfolk","","9","Área sin determinar","9","Subárea sin determinar"
"NG","Nigeria","","3","África","2","África Occidental"
"NI","Nicaragua","","5","América","2","América Central/Caribe"
"NL","Países Bajos","UE","1","Europa Occidental","1","Europa Atlántica"
"NO","Noruega","EF","1","Europa Occidental","2","Europa Escandin. /Báltica"
"NP","Nepal","","4","Asia","2","Subcontinente India"
"NR","Nauru","","9","Área sin determinar","9","Subárea sin determinar"
"NU","Niue","","9","Área sin determinar","9","Subárea sin determinar"
"NZ","Nueva Zelanda","","6","Oceanía","1","Oceanía"
"OM","Omán","","4","Asia","1","Golfo Pérsico/Mar Arábigo"
"PA","Panamá","","5","América","2","América Central/Caribe"
"PE","Perú","","5","América","3","América del Sur"
"PF","Polinesia Francesa","","6","Oceanía","1","Oceanía"
"PG","Papúa-Nueva Guinea","","6","Oceanía","1","Oceanía"
"PH","Filipinas","","4","Asia","4","Sudeste asiático"
"PK","Pakistán","","4","Asia","2","Subcontinente India"
"PL","Polonia","UE","1","Europa Occidental","2","Europa Escandin. /Báltica"
"PM","San Pedro y Miquelón","","9","Área sin determinar","9","Subárea sin determinar"
"PN","Islas Pitcairn","","9","Área sin determinar","9","Subárea sin determinar"
"PR","Puerto Rico","","5","América","1","América del Norte/México"
"PS","Territorios Palestinos","","9","Área sin determinar","9","Subárea sin determinar"
"PT","Portugal","UE","1","Europa Occidental","4","Europa del Suroeste"
"PW","Palau","","9","Área sin determinar","9","Subárea sin determinar"
"PY","Paraguay","","5","América","3","América del Sur"
"QA","Qatar","","4","Asia","1","Golfo Pérsico/Mar Arábigo"
"RE","Isla de la Reunión","","3","África","3","África Sur y Oriental"
"RO","Rumanía","UE","2","Mediterráneo Oriental","3","Mar Negro/Mar Caspio"
"RS","Serbia","","9","Área sin determinar","9","Subárea sin determinar"
"RU","Rusia","","1","Europa Occidental","2","Europa Escandin. /Báltica"
"RW","Ruanda","","3","África","3","África Sur y Oriental"
"SA","Arabia Saudita","","4","Asia","1","Golfo Pérsico/Mar Arábigo"
"SB","Islas Salomón","","6","Oceanía","1","Oceanía"
"SC","Seychelles","","3","África","3","África Sur y Oriental"
"SD","Sudán","","3","África","3","África Sur y Oriental"
"SE","Suecia","UE","1","Europa Occidental","2","Europa Escandin. /Báltica"
"SG","Singapur","","4","Asia","4","Sudeste asiático"
"SH","Santa Elena","","9","Área sin determinar","9","Subárea sin determinar"
"SI","Eslovenia","UE","2","Mediterráneo Oriental","1","Med. Nor-oriental"
"SJ","Svalbard y Jan Mayen","","9","Área sin determinar","9","Subárea sin determinar"
"SK","Eslovaquia","UE","1","Europa Occidental","3","Centroeuropa"
"SL","Sierra Leona","","3","África","2","África Occidental"
"SM","San Marino","","9","Área sin determinar","9","Subárea sin determinar"
"SN","Senegal","","3","África","2","África Occidental"
"SO","Somalia","","3","África","3","África Sur y Oriental"
"SR","Surinam","","5","América","3","América del Sur"
"SS","Sudán del Sur","","3","África","3","África Sur y Oriental"
"ST","Santo Tomé y Príncipe","","3","África","2","África Occidental"
"SV","El Salvador","","5","América","2","América Central/Caribe"
"SX","Sint Maarten","","5","América","2","América Central/Caribe"
"SY","Siria","","2","Mediterráneo Oriental","2","Med. Sur-oriental"
"SZ","Suazilandia","","3","África","3","África Sur y Oriental"
"TC","Islas Turcas y Caicos","","5","América","2","América Central/Caribe"
"TD","Chad","","3","África","2","África Occidental"
"TF","Tierras Australes y Antárticas Francesas","","9","Área sin determinar","9","Subárea sin determinar"
"TG","Togo","","3","África","2","África Occidental"
"TH","Tailandia","","4","Asia","4","Sudeste asiático"
"TJ","Tayikistan","","4","Asia","2","Subcontinente India"
"TK","Tokelau","","9","Área sin determinar","9","Subárea sin determinar"
"TL","Timor-Leste","","9","Área sin determinar","9","Subárea sin determinar"
"TM","Turkmenistán","","2","Mediterráneo Oriental","3","Mar Negro/Mar Caspio"
"TN","Túnez","","3","África","1","África del Norte"
"TO","Tonga","","9","Área sin determinar","9","Subárea sin determinar"
"TR","Turquía","","2","Mediterráneo Oriental","1","Med. Nor-oriental"
"TT","Trinidad y Tobago","","5","América","2","América Central/Caribe"
"TV","Tuvalu","","9","Área sin determinar","9","Subárea sin determinar"
"TW","Taiwan","","4","Asia","3","Extremo Oriente"
"TZ","Tanzania","","3","África","3","África Sur y Oriental"
"UA","Ucrania","","2","Mediterráneo Oriental","3","Mar Negro/Mar Caspio"
"UG","Uganda","","3","África","3","África Sur y Oriental"
"UM","Islas Ultramarinas Menores de Estados Unidos ","","9","Área sin determinar","9","Subárea sin determinar"
"US","Estados Unidos","","5","América","1","América del Norte/México"
"UY","Uruguay","","5","América","3","América del Sur"
"UZ","Uzbekistán","","4","Asia","2","Subcontinente India"
"VA","Ciudad del Vaticano","","9","Área sin determinar","9","Subárea sin determinar"
"VC","San Vicente y las Granadinas","","5","América","2","América Central/Caribe"
"VE","Venezuela","","5","América","2","América Central/Caribe"
"VG","Islas Vírgenes Británicas","","9","Área sin determinar","9","Subárea sin determinar"
"VI","Islas Vírgenes de los Estados Unidos","","5","América","2","América Central/Caribe"
"VN","Vietnam","","4","Asia","4","Sudeste asiático"
"VU","Vanuatu","","6","Oceanía","1","Oceanía"
"WF","Wallis y Futuna","","6","Oceanía","1","Oceanía"
"WS","Samoa","","9","Área sin determinar","9","Subárea sin determinar"
"XK","Kosovo","","1","Europa Occidental","2","Europa Escandin. /Báltica"
"XZ","Instalaciones en aguas internacionales","","9","Área sin determinar","9","Subárea sin determinar"
"YE","Yemen","","4","Asia","1","Golfo Pérsico/Mar Arábigo"
"YT","Mayotte","","3","África","3","África Sur y Oriental"
"ZA","Sudáfrica","","3","África","3","África Sur y Oriental"
"ZM","Zambia","","3","África","3","África Sur y Oriental"
"ZW","Zimbabwe","","3","África","3","África Sur y Oriental"
"ZZ","Desconocido","","7","Territorios no determinados","1","Territorios no determinados"
